,val_error,epochs,eval_std_returns
0,"[0.3740859885352911, 0.3588905708006701, 0.3373235801325241, 0.3226002708214886, 0.3127925990975926, 0.3058057753183146, 0.300647813872215, 0.29682491094955665, 0.29387661150205463, 0.2916323035666703, 0.2899990465502544, 0.28924842539590884, 0.28873773163904354, 0.28891390871505424, 0.29014331948379757, 0.2921331341390522]",1,76
1,"{'lr': 0.0001, 'gmf_dim': 128, 'mlp_layers': [64, 32, 16, 8], 'dropout': 0.05}",2,76
