,val_error,epochs,eval_std_returns
0,"[0.374778944168547, 0.3596235675235531, 0.33750199430156735, 0.32239860922190716, 0.31226785299106374, 0.30512436677052096, 0.30002815997888455, 0.2962589839489167, 0.29342426924603165, 0.29114910261176674, 0.28966430483306227, 0.28875744024238365, 0.28888488224217684, 0.2891837104713613, 0.29069920284622197]",1,77
1,"{'lr': 0.0001, 'gmf_dim': 128, 'mlp_layers': [64, 32, 16, 8], 'dropout': 0.1}",2,77
