,val_error,epochs,eval_std_returns
0,"[0.37377730318210567, 0.35893725507841684, 0.33776560091996666, 0.32290207714716856, 0.31282109566161015, 0.30552072759707516, 0.3007356604039793, 0.2971917853641426, 0.2946799995918762, 0.2927609803375667, 0.2918272480518503, 0.29089237890969405, 0.29077984555724795, 0.29144581014178467, 0.2933008412777043, 0.2969810655080233]",1,79
1,"{'lr': 0.0001, 'gmf_dim': 128, 'mlp_layers': [128, 64, 32, 16, 8], 'dropout': 0.05}",2,79
