,val_error,epochs,eval_std_returns
0,"[0.37400228917082057, 0.358619842028157, 0.3385281930150262, 0.32421357487016444, 0.31345819232112726, 0.3057265953234515, 0.30076626924990346, 0.2970684393428769, 0.294401071957751, 0.29226224058881145, 0.2909176196407908, 0.2900566902939459, 0.29076781089512654, 0.29227342384777616, 0.292990737982985]",1,75
1,"{'lr': 0.0001, 'gmf_dim': 128, 'mlp_layers': [128, 64, 32, 16], 'dropout': 0.2}",2,75
