,val_error,epochs,eval_std_returns
0,"[0.37365002406244124, 0.35854741126949574, 0.33864763286677046, 0.324202508738623, 0.3133932071186784, 0.30610565133128603, 0.3011991973450556, 0.2971540867152281, 0.2944364902586144, 0.2924567576904807, 0.290984668755948, 0.29090701867303703, 0.2905087575889046, 0.2913054170042341, 0.2935745198059794, 0.2969658008795125]",1,74
1,"{'lr': 0.0001, 'gmf_dim': 128, 'mlp_layers': [128, 64, 32, 16], 'dropout': 0.1}",2,74
